laku,kondisi,macet,jakarta
minggu,pratiin,gerbang,tol,antri,smp,jalan,arteri,orng,sadar,siy,jakarta,macet
jalan,daanmogot,arah,cengkareng,grogol,macet,parah,gegara,jalan,busway,malam,coba
malam,minggu,bandung,kumpul,bandung,macet
informasi,celaka,simpang,patih,arah,anti,libat,taruna,avanza,posisi,avanza
rekam,cctv,cela,malam,jumat,cctv,celaka,setnov,setnovkecelakaan,bakpao
kendara,hormat,jalan,rokok,sembari,kendara,abu,bara,rokok,bahaya,lihat,kendara,masuk,mata,iritasi,mata,kendara,fokus,celaka
celaka,gegar,otak,benjol,bakpao,laku,buah,tiang,teledor,lihat,kendara,jalan,savetiang,celaka
netizen,cerdas,jujuritujokowi,pilih,dukung,jokowi
pagipagi,ngopi
